# Epoch, Train_Loss, Test_Loss
5.000000000000000000e+00,1.823979883222977272e-02,1.475213914631243878e-02
1.000000000000000000e+01,1.465138223591851141e-02,1.199609703139989034e-02
1.500000000000000000e+01,1.171491208559059978e-02,1.083412178101278434e-02
2.000000000000000000e+01,1.157835760219648284e-02,1.051781409926168427e-02
2.500000000000000000e+01,1.309223410261777486e-02,1.349249121729866399e-02
3.000000000000000000e+01,1.159611164100668446e-02,1.032479125685613341e-02
3.500000000000000000e+01,1.153876608864184451e-02,9.629546603975913666e-03
4.000000000000000000e+01,1.752979358952491684e-02,4.375391268817200446e-02
4.500000000000000000e+01,1.064840527986496942e-02,9.849044808719620292e-03
5.000000000000000000e+01,1.968947795396669420e-02,1.137490210236786863e-02
5.500000000000000000e+01,1.078614358750608002e-02,2.201912823948801862e-02
6.000000000000000000e+01,9.643783171300658943e-03,8.817352353245785576e-03
6.500000000000000000e+01,9.711684622385549290e-03,8.650913429185632872e-03
7.000000000000000000e+01,1.049280560799673544e-02,1.016939865751047105e-02
7.500000000000000000e+01,9.234859086816519028e-03,1.915995934828985947e-02
8.000000000000000000e+01,1.308456308592591613e-02,9.065376887405118128e-03
8.500000000000000000e+01,1.052453381575632792e-02,2.440109546226245513e-02
9.000000000000000000e+01,9.994263550950349337e-03,8.183379744732406993e-03
9.500000000000000000e+01,9.346772121323430188e-03,9.386544421658406245e-03
1.000000000000000000e+02,1.240454511041654689e-02,1.205688906015094444e-02
1.050000000000000000e+02,1.103063427857233630e-02,1.150247365351136052e-02
1.100000000000000000e+02,1.373225043309826178e-02,1.367404219035396259e-02
1.150000000000000000e+02,1.243292783775339604e-02,1.235600948210219784e-02
1.200000000000000000e+02,1.208360374102278485e-02,1.213663277538447847e-02
1.250000000000000000e+02,1.438676496063583110e-02,1.393621703647795161e-02
1.300000000000000000e+02,2.088501639870219903e-02,1.440721586967151288e-02
1.350000000000000000e+02,1.170248098354119588e-02,1.227265874204917263e-02
1.400000000000000000e+02,1.795155224514777964e-02,1.393954031242688150e-02
1.450000000000000000e+02,1.029683506704794603e-02,8.592051594867568254e-03
1.500000000000000000e+02,8.283891240098765346e-03,8.957847857513088000e-03
1.550000000000000000e+02,8.297233713362580157e-03,8.153247267526655961e-03
1.600000000000000000e+02,8.387400958527453307e-03,9.838748174632837296e-03
1.650000000000000000e+02,8.146267046509376650e-03,8.188959607511725816e-03
1.700000000000000000e+02,8.191394602100174685e-03,7.157009055103303631e-03
1.750000000000000000e+02,8.041826712997008839e-03,1.477349582466675436e-02
1.800000000000000000e+02,7.665603617664434356e-03,7.217848301944686934e-03
1.850000000000000000e+02,7.534565666962212034e-03,7.638397499942229871e-03
1.900000000000000000e+02,9.234639709000243279e-03,2.535034616183144338e-02
1.950000000000000000e+02,8.717579771287514365e-03,9.092689205835923980e-03
2.000000000000000000e+02,1.345855795543621572e-02,9.328293682071225543e-03
2.050000000000000000e+02,7.603714438951722325e-03,8.965956316955422598e-03
2.100000000000000000e+02,8.174694990674519560e-03,7.162027044882767271e-03
2.150000000000000000e+02,8.081327055269156567e-03,8.009920131158670964e-03
2.200000000000000000e+02,7.435350625919980201e-03,8.152356986221652446e-03
2.250000000000000000e+02,8.343251580841452505e-03,7.447893051011683294e-03
2.300000000000000000e+02,8.311892935447841996e-03,6.845571538723685401e-03
2.350000000000000000e+02,8.448531421360839025e-03,7.541564115963256959e-03
2.400000000000000000e+02,7.346262875162548438e-03,8.708199166554551202e-03
2.450000000000000000e+02,7.878560280026257120e-03,8.422111632172166532e-03
2.500000000000000000e+02,8.012098270486102750e-03,7.321670425749516979e-03
2.550000000000000000e+02,8.366458897072969955e-03,6.818438838971891541e-03
2.600000000000000000e+02,8.727314364604036104e-03,8.072813581713019632e-03
2.650000000000000000e+02,7.672146222879026346e-03,7.434973064271773770e-03
2.700000000000000000e+02,7.882570484515866865e-03,6.712587788437641458e-03
2.750000000000000000e+02,7.723437526319017546e-03,6.702675572803237954e-03
2.800000000000000000e+02,7.987658848056794839e-03,7.183468560947510809e-03
2.850000000000000000e+02,7.578719737572738382e-03,6.424777306893155425e-03
2.900000000000000000e+02,8.612368499136107899e-03,7.711138744902108072e-03
2.950000000000000000e+02,7.814386581922691880e-03,7.195928522893252875e-03
3.000000000000000000e+02,7.309323528048991200e-03,6.998578035154542562e-03
3.050000000000000000e+02,7.489165216328944226e-03,9.003563367830983571e-03
3.100000000000000000e+02,7.450754138354081201e-03,8.611788661579342086e-03
3.150000000000000000e+02,8.023538708918641002e-03,1.388827242994354963e-02
3.200000000000000000e+02,8.195522822347691902e-03,7.191574900257256819e-03
3.250000000000000000e+02,7.776614542492366403e-03,1.209959426616487831e-02
3.300000000000000000e+02,9.095613352388714351e-03,7.975007070124528682e-03
3.350000000000000000e+02,8.871979838429300269e-03,6.916829693805037933e-03
3.400000000000000000e+02,8.062437612206339865e-03,6.702446826539233682e-03
3.450000000000000000e+02,6.421808836198777959e-03,6.489983880777515542e-03
3.500000000000000000e+02,7.751977903244368362e-03,6.215587239032008444e-03
3.550000000000000000e+02,6.908139605769000706e-03,6.411676777449982698e-03
3.600000000000000000e+02,6.918306165152796755e-03,6.881881470504999827e-03
3.650000000000000000e+02,6.313340821385285927e-03,1.036470383326151302e-02
3.700000000000000000e+02,6.831463614877710672e-03,8.833347026730616058e-03
3.750000000000000000e+02,6.286023469908068144e-03,7.670969858743728609e-03
3.800000000000000000e+02,6.937422870934842854e-03,6.043728264704809235e-03
3.850000000000000000e+02,6.685480005711774525e-03,6.323895739642144791e-03
3.900000000000000000e+02,7.158558748134216665e-03,1.162480346473828210e-02
3.950000000000000000e+02,6.714981052631883301e-03,6.356361761797511833e-03
4.000000000000000000e+02,6.645579201075213320e-03,5.745041526940167058e-03
4.050000000000000000e+02,6.585802741641896309e-03,5.541775682678345798e-03
4.100000000000000000e+02,7.797041814595675850e-03,8.418738398172019924e-03
4.150000000000000000e+02,6.529146508853047801e-03,6.539472050514063585e-03
4.200000000000000000e+02,6.378203419880642232e-03,5.523440737976548047e-03
4.250000000000000000e+02,6.973458846194519924e-03,5.487364559646577128e-03
4.300000000000000000e+02,6.471018339859410835e-03,6.148790516695322277e-03
4.350000000000000000e+02,6.493123104681856016e-03,6.830948449825179590e-03
4.400000000000000000e+02,6.772991305073843699e-03,5.588570170174255065e-03
4.450000000000000000e+02,6.607566557359424719e-03,7.659330959261409673e-03
4.500000000000000000e+02,7.166866766176114775e-03,7.786173064367716418e-03
4.550000000000000000e+02,7.620712354475799380e-03,7.158555361039506057e-03
4.600000000000000000e+02,5.651311926536638219e-03,4.278336514952684431e-03
4.650000000000000000e+02,4.628573304538307308e-03,4.936489021289318033e-03
4.700000000000000000e+02,4.015458222016813315e-03,3.390605510567477714e-03
4.750000000000000000e+02,4.026010719914577610e-03,4.348672121521118296e-03
4.800000000000000000e+02,3.649485278997686554e-03,3.244239828354803911e-03
4.850000000000000000e+02,3.543537379245793872e-03,5.600268721461735232e-03
4.900000000000000000e+02,3.676036106623389518e-03,3.763076519646863915e-03
4.950000000000000000e+02,3.527246785767362575e-03,4.272204906586007586e-03
5.000000000000000000e+02,3.408361142182894307e-03,3.237921647390830989e-03
5.050000000000000000e+02,3.424759227805284929e-03,3.382059738123896400e-03
5.100000000000000000e+02,3.354765071261131982e-03,3.735987095590983121e-03
5.150000000000000000e+02,3.316788759257077984e-03,3.029715744324196127e-03
5.200000000000000000e+02,3.280752676198132271e-03,3.852748711389545385e-03
5.250000000000000000e+02,3.283075072530295454e-03,3.984294504825774269e-03
5.300000000000000000e+02,3.227998122516998435e-03,3.886884943645984442e-03
5.350000000000000000e+02,3.253029217645461713e-03,3.164298791955567815e-03
5.400000000000000000e+02,3.308223430703955033e-03,3.108195593801051961e-03
5.450000000000000000e+02,3.267764489417094784e-03,3.238794298256159488e-03
5.500000000000000000e+02,3.222517856088338069e-03,3.474990460889206424e-03
5.550000000000000000e+02,3.179289587265556570e-03,4.074700697241889769e-03
5.600000000000000000e+02,3.208083856030858640e-03,3.895799613071878990e-03
5.650000000000000000e+02,3.150292044828033062e-03,2.804285610208438577e-03
5.700000000000000000e+02,3.180207289505354584e-03,3.301146420535663612e-03
5.750000000000000000e+02,3.151725247831237055e-03,2.840748877163111821e-03
5.800000000000000000e+02,3.187698332718804858e-03,2.676873111246951507e-03
5.850000000000000000e+02,3.071727335870797979e-03,3.393863113993664769e-03
5.900000000000000000e+02,3.096735267752684807e-03,4.092293493313718319e-03
5.950000000000000000e+02,3.083455631042968451e-03,3.331200071633969029e-03
6.000000000000000000e+02,2.947705162407505096e-03,2.730101884784556787e-03
6.050000000000000000e+02,3.033753367841352574e-03,2.842058760312118990e-03
6.100000000000000000e+02,3.065319561693651169e-03,3.189287846973606552e-03
6.150000000000000000e+02,3.121670100808336939e-03,3.847867682167811429e-03
6.200000000000000000e+02,2.999987965455640747e-03,3.400308657310112479e-03
6.250000000000000000e+02,3.063409526325246851e-03,2.574349093974108958e-03
6.300000000000000000e+02,3.099149831619409014e-03,2.354880132340407897e-03
6.350000000000000000e+02,2.949285600421297157e-03,2.836084696704540848e-03
6.400000000000000000e+02,3.025528507858000430e-03,3.876719843763386675e-03
6.450000000000000000e+02,2.955247815274234229e-03,2.800428280700583208e-03
6.500000000000000000e+02,3.070954687170910757e-03,2.486585350664306977e-03
6.550000000000000000e+02,2.995811627623665412e-03,2.403273926258263707e-03
6.600000000000000000e+02,2.953605108152367043e-03,2.778597489008004500e-03
6.650000000000000000e+02,8.353241582837398480e-05,8.498969301527416361e-05
6.700000000000000000e+02,7.794505098392563161e-05,8.056045075992603608e-05
6.750000000000000000e+02,7.466849562470801989e-05,7.857773771952963275e-05
6.800000000000000000e+02,7.404379321473958777e-05,7.581582638510836556e-05
6.850000000000000000e+02,9.713544720575830295e-05,7.355093518935710531e-05
6.900000000000000000e+02,1.324700380278564279e-04,7.790881328838890514e-05
6.950000000000000000e+02,1.241104299954127598e-04,8.342023106516916603e-05
7.000000000000000000e+02,1.827331968471843321e-04,2.155171648664557774e-04
7.050000000000000000e+02,1.584455537489447340e-04,7.727051165867491209e-05
7.100000000000000000e+02,1.210877421833021355e-04,9.383607519754899411e-05
7.150000000000000000e+02,1.253809276520835353e-04,7.137893673635560445e-05
7.200000000000000000e+02,1.393906867779271224e-04,7.843899050048613896e-05
7.250000000000000000e+02,1.373758925110744238e-04,7.744756902784088418e-05
7.300000000000000000e+02,1.329649334229692447e-04,8.252439297571715075e-05
7.350000000000000000e+02,1.364400108367513247e-04,7.931707385451882732e-05
7.400000000000000000e+02,1.328879609639008370e-04,7.223927528838308318e-05
7.450000000000000000e+02,7.902344191460772315e-05,1.176687359881720580e-04
7.500000000000000000e+02,9.552282138939322659e-05,1.329307534830308137e-04
7.550000000000000000e+02,8.147053370063471586e-05,1.419539181035106437e-04
7.600000000000000000e+02,7.343038892933694461e-05,9.486219974770783621e-05
7.650000000000000000e+02,1.273565250051646050e-04,6.748944338157210235e-05
7.700000000000000000e+02,1.386039797007451453e-04,8.625945154924775633e-05
7.750000000000000000e+02,6.786833241147262352e-05,5.675952487745766252e-05
7.800000000000000000e+02,9.835925683879843679e-05,8.674443011923397163e-04
7.850000000000000000e+02,8.463138341044088464e-05,7.765989150585693977e-05
7.900000000000000000e+02,3.314522361983159894e-04,7.903443265342171805e-05
7.950000000000000000e+02,8.851571383685947082e-05,1.308367848974374150e-04
8.000000000000000000e+02,1.239108515263247375e-04,8.518180919362192257e-05
8.050000000000000000e+02,1.113541725070309223e-04,6.743331195875521781e-05
8.100000000000000000e+02,1.208983253340248365e-04,6.098853596716171754e-05
8.150000000000000000e+02,9.370121686409332287e-05,5.798450066060936448e-05
8.200000000000000000e+02,1.527912539310841080e-04,6.013597150674792550e-05
8.250000000000000000e+02,1.403614776557223008e-04,8.495255854631855361e-05
8.300000000000000000e+02,5.022616499925323670e-05,5.349623166689326722e-05
8.350000000000000000e+02,5.059049034776091870e-05,8.591968501060480066e-05
8.400000000000000000e+02,5.534445509865342118e-05,5.300229343575414129e-05
8.450000000000000000e+02,5.986020348428183269e-05,5.079566249822335141e-05
8.500000000000000000e+02,5.212861876187531440e-05,6.103394302163401040e-05
8.550000000000000000e+02,4.840347051437774150e-05,5.203003168332231526e-05
8.600000000000000000e+02,5.486955340644487564e-05,5.785060777868801751e-05
8.650000000000000000e+02,4.997215284433770646e-05,5.136379006133549586e-05
8.700000000000000000e+02,9.551323302571434397e-05,7.210625524122449509e-05
8.750000000000000000e+02,4.847630419305896092e-05,5.198152591563167096e-05
8.800000000000000000e+02,4.643538963563047364e-05,6.028410325897848987e-05
8.850000000000000000e+02,4.550971849376918797e-05,4.736482033209037221e-05
8.900000000000000000e+02,5.713768415361679387e-05,4.917407594306395135e-05
8.950000000000000000e+02,8.557792207144239037e-05,4.904000386146665933e-05
9.000000000000000000e+02,4.612257068575586404e-05,7.009438619235458154e-05
9.050000000000000000e+02,6.006267409557400610e-05,4.856433301118681374e-05
9.100000000000000000e+02,4.860264004102960231e-05,4.530465279403222766e-05
9.150000000000000000e+02,5.153655296604682859e-05,4.952898570060310085e-05
9.200000000000000000e+02,4.419816391501130392e-05,5.186545843394096755e-05
9.250000000000000000e+02,4.591770924139814948e-05,4.452479072859906955e-05
9.300000000000000000e+02,4.724387681951299362e-05,4.558032706144184740e-05
9.350000000000000000e+02,4.583064242350359482e-05,5.453923113569375590e-05
9.400000000000000000e+02,5.124636930715221187e-05,4.776461801821980333e-05
9.450000000000000000e+02,8.823371083980720319e-05,4.526974199698662217e-05
9.500000000000000000e+02,4.754785212127484476e-05,4.648601633957293922e-05
9.550000000000000000e+02,8.466176670878819519e-05,4.486104906475721073e-05
9.600000000000000000e+02,4.758805047205865368e-05,4.608370223249378571e-05
9.650000000000000000e+02,4.652759301438646740e-05,5.077199660875825269e-05
9.700000000000000000e+02,4.639019355198797598e-05,4.265067211317597335e-05
9.750000000000000000e+02,4.441854450841353091e-05,5.080174166323290038e-05
9.800000000000000000e+02,4.908200651501988955e-05,4.948975983646979206e-05
9.850000000000000000e+02,4.830616031660889357e-05,4.322429665821085279e-05
9.900000000000000000e+02,4.118836057216634873e-05,4.190527089474460355e-05
9.950000000000000000e+02,5.372816427340994987e-05,4.494339625080381607e-05
1.000000000000000000e+03,6.873046811143438176e-05,4.554336254755235762e-05
1.005000000000000000e+03,5.430581346834255488e-05,5.351951296509051660e-05
1.010000000000000000e+03,4.191741154283642903e-05,4.336136814780707351e-05
1.015000000000000000e+03,4.476925368302557269e-05,9.385699762593080323e-05
1.020000000000000000e+03,9.517976293719045220e-05,4.145266923482439299e-05
1.025000000000000000e+03,1.019600595304038333e-04,4.223411741043678319e-05
1.030000000000000000e+03,3.961059220856671286e-05,4.274923771502580516e-05
1.035000000000000000e+03,5.856856364845023245e-05,5.491266766894064140e-05
1.040000000000000000e+03,4.444534090466187965e-05,4.957447350183002684e-05
1.045000000000000000e+03,6.260446637526849477e-05,4.257063557834359763e-05
1.050000000000000000e+03,5.240001027474040204e-05,3.991366136071187781e-05
1.055000000000000000e+03,1.208875004862195216e-04,4.142677495095021205e-05
1.060000000000000000e+03,8.436403820353211502e-05,4.786419791494392226e-05
1.065000000000000000e+03,5.152917667346323380e-05,3.972262488082671289e-05
1.070000000000000000e+03,4.558873886633580156e-05,4.103847624691021715e-05
1.075000000000000000e+03,4.378300729424419908e-05,4.134949122186580285e-05
1.080000000000000000e+03,4.071838393667347487e-05,3.915808166347341479e-05
1.085000000000000000e+03,3.714708467849423289e-05,3.846654303080307755e-05
1.090000000000000000e+03,4.252898962030382540e-05,4.531687629304935157e-05
1.095000000000000000e+03,5.999204550364117648e-05,3.990831274691731704e-05
1.100000000000000000e+03,3.906099024651793147e-05,5.304657305423091931e-05
1.105000000000000000e+03,4.188087449734590123e-05,3.992764597528912789e-05
1.110000000000000000e+03,3.768401077375282802e-05,3.708705093623148913e-05
1.115000000000000000e+03,4.660705710584851552e-05,4.630876899148386440e-05
1.120000000000000000e+03,7.892616905194516812e-05,3.803187101303404631e-05
1.125000000000000000e+03,3.923740781719567357e-05,1.020418109066044459e-04
1.130000000000000000e+03,4.259105694994621622e-05,5.754164477542267971e-05
1.135000000000000000e+03,9.786914524490466648e-05,3.824245607445664043e-05
1.140000000000000000e+03,3.811276333477207705e-05,3.837793282156805178e-05
1.145000000000000000e+03,4.440570701240807711e-05,1.741218813784183375e-04
1.150000000000000000e+03,4.608413072823515019e-05,3.828953859232547510e-05
1.155000000000000000e+03,3.697270794053014319e-05,3.864528137295981681e-05
1.160000000000000000e+03,6.930612693279380142e-05,4.538621271523036050e-05
1.165000000000000000e+03,4.349525637143711001e-05,3.715544501067031440e-05
1.170000000000000000e+03,4.161011271942246956e-05,4.346537665580569129e-05
1.175000000000000000e+03,6.219171789003719898e-05,4.235317359978512004e-05
1.180000000000000000e+03,4.575679601493072205e-05,3.585477109715824506e-05
1.185000000000000000e+03,3.828810866120738182e-05,4.514856055436785865e-05
1.190000000000000000e+03,3.419145404948006694e-05,3.767212080127928632e-05
1.195000000000000000e+03,3.723792607117340958e-05,3.694073947037501075e-05
1.200000000000000000e+03,6.407206785260402093e-05,3.861204992087272222e-05
1.205000000000000000e+03,4.582507823572300377e-05,4.906691713239571786e-05
1.210000000000000000e+03,3.409630527438953462e-05,3.529774648053439316e-05
1.215000000000000000e+03,1.151371616972237180e-04,3.695567741537976637e-05
1.220000000000000000e+03,4.021115868170172870e-05,6.012173780417109323e-05
1.225000000000000000e+03,7.602655068742299660e-05,3.734419111495210442e-05
1.230000000000000000e+03,4.267846080080027487e-05,6.975692783449288542e-05
1.235000000000000000e+03,3.661789942309910098e-05,3.608398931226317378e-05
1.240000000000000000e+03,4.507198096488687882e-05,4.146904935716811140e-05
1.245000000000000000e+03,4.059371360560168216e-05,3.621138773465653189e-05
1.250000000000000000e+03,3.393730031247806854e-05,3.533930617881482700e-05
1.255000000000000000e+03,4.665762573261729565e-05,5.869025773806932638e-05
1.260000000000000000e+03,3.348929609176322668e-05,3.458511409801866645e-05
1.265000000000000000e+03,3.826640089848907064e-05,1.383690594685394978e-04
1.270000000000000000e+03,3.843123504869116856e-05,4.006328633676398409e-05
1.275000000000000000e+03,4.019077819490205888e-05,2.204131674256670586e-04
1.280000000000000000e+03,4.968451897852156911e-05,3.923230950345963806e-05
1.285000000000000000e+03,4.037261099616710520e-05,7.016323496982907447e-05
1.290000000000000000e+03,4.232481276461426086e-05,3.482658103949020501e-05
1.295000000000000000e+03,4.146410489010015374e-05,5.068847176052956009e-05
1.300000000000000000e+03,5.827253327388770890e-05,3.602059158928213673e-05
1.305000000000000000e+03,3.895398531908624137e-05,3.461681810465195696e-05
1.310000000000000000e+03,3.824708884172608488e-05,3.406339096804008340e-05
1.315000000000000000e+03,3.194534983585960820e-05,3.310606547620099693e-05
1.320000000000000000e+03,8.176304540787546757e-05,2.779374722299871210e-04
1.325000000000000000e+03,3.154116158111834654e-05,3.319274916206945341e-05
1.330000000000000000e+03,3.763715137029996044e-05,7.200043396245344417e-05
1.335000000000000000e+03,6.610310639412972649e-05,1.736992336447895288e-04
1.340000000000000000e+03,3.843392471600403531e-05,3.291224548660405964e-05
1.345000000000000000e+03,3.396715145020028992e-05,3.355007857425185044e-05
1.350000000000000000e+03,4.271398085550118619e-05,4.823003880061617327e-05
1.355000000000000000e+03,5.877804693758208171e-05,1.960852689143690480e-04
1.360000000000000000e+03,4.243642315062541131e-05,3.351154945649751743e-05
1.365000000000000000e+03,8.764655958766306629e-05,3.251351070140723505e-05
1.370000000000000000e+03,3.136078394513454798e-05,3.160225060667203804e-05
1.375000000000000000e+03,3.101286375425190041e-05,3.228487509314867886e-05
1.380000000000000000e+03,4.491320194181443474e-05,3.511684725158812904e-05
1.385000000000000000e+03,3.618397708779679618e-05,3.302168098940418432e-05
1.390000000000000000e+03,5.908068463275399586e-05,3.621492565320133560e-05
1.395000000000000000e+03,3.086883230750071458e-05,3.296821598047402471e-05
1.400000000000000000e+03,3.075818628614757191e-05,3.205987578767394836e-05
1.405000000000000000e+03,4.189259201121933507e-05,3.413360995810176798e-05
1.410000000000000000e+03,3.038973904265624865e-05,3.139943333115678697e-05
1.415000000000000000e+03,3.594782863671760554e-05,3.139471469827541280e-05
1.420000000000000000e+03,4.385510841975211166e-05,5.171913100198409236e-05
1.425000000000000000e+03,3.944689113078736102e-05,3.382054524843386450e-05
1.430000000000000000e+03,4.255925620214032396e-05,3.124461376702136587e-05
1.435000000000000000e+03,7.798411171656531051e-05,3.159202918671626109e-05
1.440000000000000000e+03,3.874366218540733570e-05,3.209226681018871965e-05
1.445000000000000000e+03,3.459591172823728994e-05,3.102517861858526335e-05
1.450000000000000000e+03,3.048178035334086331e-05,4.407596579647723734e-05
1.455000000000000000e+03,3.324214051452956836e-05,3.318273143536261708e-05
1.460000000000000000e+03,3.075648271454728405e-05,3.073069255584538691e-05
1.465000000000000000e+03,2.989339870089987753e-05,3.382433469023470111e-05
1.470000000000000000e+03,5.795781428154220586e-05,4.015437670466411431e-05
1.475000000000000000e+03,3.167502173265203879e-05,3.047385525165591111e-05
1.480000000000000000e+03,3.276893090426738297e-05,3.112861729327447038e-05
1.485000000000000000e+03,3.282739340385788687e-05,3.359953856751893194e-05
1.490000000000000000e+03,4.613382468313161218e-05,3.354107182722921915e-05
1.495000000000000000e+03,6.482536161365089211e-05,3.037920796949737185e-05
1.500000000000000000e+03,3.725872487896477668e-05,3.006444582464047198e-05
1.505000000000000000e+03,3.029619274617090105e-05,3.070384885213294651e-05
1.510000000000000000e+03,3.393488181360446062e-05,3.106489752783776271e-05
1.515000000000000000e+03,2.904223591255216235e-05,3.068507277440792773e-05
1.520000000000000000e+03,3.748905594135523299e-05,3.868722110777216450e-05
1.525000000000000000e+03,4.148463951287531136e-05,3.122377565196767906e-05
1.530000000000000000e+03,3.653285218291164806e-05,3.701673763993016823e-05
1.535000000000000000e+03,3.261712425356905919e-05,4.303437713827122321e-05
1.540000000000000000e+03,2.918538427707697893e-05,3.342951921802000682e-05
1.545000000000000000e+03,2.816515945565544862e-05,2.970365218531656541e-05
1.550000000000000000e+03,6.628162461894873800e-05,1.040824768120733151e-04
1.555000000000000000e+03,3.092179447478723856e-05,2.955812008549689226e-05
1.560000000000000000e+03,2.915968640045449024e-05,4.040989924250000819e-05
1.565000000000000000e+03,3.037286264848813430e-05,2.946842578118627528e-05
1.570000000000000000e+03,2.926488837321198527e-05,3.206238863473552352e-05
1.575000000000000000e+03,2.787962242278274662e-05,2.937461678073215350e-05
1.580000000000000000e+03,2.777005871578876189e-05,3.144006096690379768e-05
1.585000000000000000e+03,2.708418825174520653e-05,2.903014748297079057e-05
1.590000000000000000e+03,2.983884439439524037e-05,3.244078294330736959e-05
1.595000000000000000e+03,2.733441714303004808e-05,3.154156021148573643e-05
1.600000000000000000e+03,2.733510003087758514e-05,3.133110999725771011e-05
1.605000000000000000e+03,2.985283882282087009e-05,3.103987293964858424e-05
1.610000000000000000e+03,2.986510525178476865e-05,4.909333839281607989e-05
1.615000000000000000e+03,2.654060180133523586e-05,3.003789651084514518e-05
1.620000000000000000e+03,2.672644792694108752e-05,2.860489349025933462e-05
1.625000000000000000e+03,2.723250975072733253e-05,2.849426850004260211e-05
1.630000000000000000e+03,2.633055136234686201e-05,2.779229054228578771e-05
1.635000000000000000e+03,2.649070490581764494e-05,2.992436105679000595e-05
1.640000000000000000e+03,2.958676464576533638e-05,2.771629903665287221e-05
1.645000000000000000e+03,2.669688261701889655e-05,2.893753254307030831e-05
1.650000000000000000e+03,2.653845341622810904e-05,2.818518606359207677e-05
1.655000000000000000e+03,2.670785454790599247e-05,2.897097357915429900e-05
1.660000000000000000e+03,2.635904401839279519e-05,3.069042602658156549e-05
1.665000000000000000e+03,2.682127154450737895e-05,2.872374549161234628e-05
1.670000000000000000e+03,3.042305716112434112e-05,3.336032357756831001e-05
1.675000000000000000e+03,2.593961071004617335e-05,2.875266173676532743e-05
1.680000000000000000e+03,2.584319283531219148e-05,2.775560146796301821e-05
1.685000000000000000e+03,2.714193852170902120e-05,2.781645602817104531e-05
1.690000000000000000e+03,3.431771572880799783e-05,2.742121414171657005e-05
1.695000000000000000e+03,2.785353187414905536e-05,2.716219301699598351e-05
1.700000000000000000e+03,2.850934370264105261e-05,2.820465776781461460e-05
1.705000000000000000e+03,2.554409661879496345e-05,2.822546999233804555e-05
1.710000000000000000e+03,2.557144145571099247e-05,2.765618694200886745e-05
1.715000000000000000e+03,2.871762332838024754e-05,2.803660011067300831e-05
1.720000000000000000e+03,3.114588543769998108e-05,2.740243347416430796e-05
1.725000000000000000e+03,2.765100663477809142e-05,2.912526145950836769e-05
1.730000000000000000e+03,2.748274997878422728e-05,2.857777747368064447e-05
1.735000000000000000e+03,2.642995501004856152e-05,3.020361764640258864e-05
1.740000000000000000e+03,2.619548792097657348e-05,2.803247443556105368e-05
1.745000000000000000e+03,2.849611283474849207e-05,2.666036370841666801e-05
1.750000000000000000e+03,2.641822619238709649e-05,2.774864039980798078e-05
1.755000000000000000e+03,3.733128140317903048e-05,2.644693093181548825e-05
1.760000000000000000e+03,4.869499646581593991e-05,2.712664597848194582e-05
1.765000000000000000e+03,2.837193841270530337e-05,2.638922064844002435e-05
1.770000000000000000e+03,4.229053448134061170e-05,2.681108139315268319e-05
1.775000000000000000e+03,3.027077014893303692e-05,2.655588494651364031e-05
1.780000000000000000e+03,2.457528267704006778e-05,2.664000986342710429e-05
1.785000000000000000e+03,2.699464575115466600e-05,2.652331540200293962e-05
1.790000000000000000e+03,2.473205358702781678e-05,2.654722572733165444e-05
1.795000000000000000e+03,2.454055181055428696e-05,2.621178555506696614e-05
1.800000000000000000e+03,2.571624130356754337e-05,2.776797690432123133e-05
1.805000000000000000e+03,2.740522848733750906e-05,2.656538626461479340e-05
1.810000000000000000e+03,2.734393025534549140e-05,2.838477195472966321e-05
1.815000000000000000e+03,2.689504984822532218e-05,2.753340454963644105e-05
1.820000000000000000e+03,2.477406843964664027e-05,2.642558540185014216e-05
1.825000000000000000e+03,2.879451783695927592e-05,2.625845047948829826e-05
1.830000000000000000e+03,2.522589023707394535e-05,2.722382914598977185e-05
1.835000000000000000e+03,2.513188892670124053e-05,2.748213230556716271e-05
1.840000000000000000e+03,2.573095967150127551e-05,2.890111100627802210e-05
1.845000000000000000e+03,2.692030854705509968e-05,2.623538751357905492e-05
1.850000000000000000e+03,2.432317911023521272e-05,2.693442273683517140e-05
1.855000000000000000e+03,2.417083700708615933e-05,2.620314695316276613e-05
1.860000000000000000e+03,2.413112715436052021e-05,3.392708996355145581e-05
1.865000000000000000e+03,2.436083979576135749e-05,2.534169290367678797e-05
1.870000000000000000e+03,2.374259911240334149e-05,2.667487682582609035e-05
1.875000000000000000e+03,2.451945091903042710e-05,2.586733200324880134e-05
1.880000000000000000e+03,2.380094150416325294e-05,2.519293298312521066e-05
1.885000000000000000e+03,2.352190215968152435e-05,2.579656202736581411e-05
1.890000000000000000e+03,2.424893627120926288e-05,2.560713277115170909e-05
1.895000000000000000e+03,2.384730571812475962e-05,2.698543906541891343e-05
1.900000000000000000e+03,2.434688438692803354e-05,2.494969607542356943e-05
1.905000000000000000e+03,2.376709640058692979e-05,2.590194191862547194e-05
1.910000000000000000e+03,2.398232032964139142e-05,3.191476509645103086e-05
1.915000000000000000e+03,2.338282135248980986e-05,2.512425672141072646e-05
1.920000000000000000e+03,2.369113775974937547e-05,2.556856723751333831e-05
1.925000000000000000e+03,2.363831382650127100e-05,2.532795386729967777e-05
1.930000000000000000e+03,2.400565197626557262e-05,2.602034532759161389e-05
1.935000000000000000e+03,2.344605794347410073e-05,2.510587227933711019e-05
1.940000000000000000e+03,2.330177173812086314e-05,2.451408649818898533e-05
1.945000000000000000e+03,2.354368458174705200e-05,2.465446891271222247e-05
1.950000000000000000e+03,2.323693139057045548e-05,2.489072886153128019e-05
1.955000000000000000e+03,2.331997003351062402e-05,2.534133111307554988e-05
1.960000000000000000e+03,2.343998716064011725e-05,2.511484448654807382e-05
1.965000000000000000e+03,2.314944370477197476e-05,2.557760176754124629e-05
1.970000000000000000e+03,2.310085960505349530e-05,2.467970426233678433e-05
1.975000000000000000e+03,2.328693986731946320e-05,2.484160390429022744e-05
1.980000000000000000e+03,2.328236938615097152e-05,2.418176459496024268e-05
1.985000000000000000e+03,2.322877816709850607e-05,2.514241678756988467e-05
1.990000000000000000e+03,2.301893767329995271e-05,2.511506476312087719e-05
1.995000000000000000e+03,2.318023290734308185e-05,2.545461511932642330e-05
2.000000000000000000e+03,2.237423044420018005e-05,2.492243332956187561e-05
2.005000000000000000e+03,2.312811581017539350e-05,2.420527698784111028e-05
2.010000000000000000e+03,2.296837260120360830e-05,2.417923735779673738e-05
2.015000000000000000e+03,2.289744089165665015e-05,2.388110269444409150e-05
2.020000000000000000e+03,2.311998273035773628e-05,2.451993299221352335e-05
2.025000000000000000e+03,2.279272851191319733e-05,2.828113081917160235e-05
2.030000000000000000e+03,2.404828729014748628e-05,2.468549029927958173e-05
2.035000000000000000e+03,2.270584858819689366e-05,2.481957038407358140e-05
2.040000000000000000e+03,2.252362125332604980e-05,2.401957670006165906e-05
2.045000000000000000e+03,2.304436539731337055e-05,2.417281124279979217e-05
2.050000000000000000e+03,2.258710024122877560e-05,2.805995830661733880e-05
2.055000000000000000e+03,2.221295198235775481e-05,2.423332647682325042e-05
2.060000000000000000e+03,2.228679524959827275e-05,2.454304514422755431e-05
2.065000000000000000e+03,2.212459113029348475e-05,2.371813090957864396e-05
2.070000000000000000e+03,2.204462304541602815e-05,2.417599400802842614e-05
2.075000000000000000e+03,2.224069765039035607e-05,2.388834212662520622e-05
2.080000000000000000e+03,2.209976205386034241e-05,2.646588175750555749e-05
2.085000000000000000e+03,2.205348853078613420e-05,2.465952232278221317e-05
2.090000000000000000e+03,2.213118854936246217e-05,2.403848504149467630e-05
2.095000000000000000e+03,2.241605793469533068e-05,2.415700958841009583e-05
2.100000000000000000e+03,2.188303767704198461e-05,2.360542263715844009e-05
2.105000000000000000e+03,2.213702074246970099e-05,2.409927485511690470e-05
2.110000000000000000e+03,2.207633365124825526e-05,2.433092310062616635e-05
2.115000000000000000e+03,2.214743703842649868e-05,2.381521243758263624e-05
2.120000000000000000e+03,2.184300646308013626e-05,2.369565535544391634e-05
2.125000000000000000e+03,2.187712629797716022e-05,2.377353574154057839e-05
2.130000000000000000e+03,2.216986915861332750e-05,2.341652893119102900e-05
2.135000000000000000e+03,2.190246977598376703e-05,2.405857393502231289e-05
2.140000000000000000e+03,2.179707729236318514e-05,2.461201391432547270e-05
2.145000000000000000e+03,2.191476267761275617e-05,2.464438353446748731e-05
2.150000000000000000e+03,2.160702418348829599e-05,2.430801830395225142e-05
2.155000000000000000e+03,2.185161454643934261e-05,2.382645648096814612e-05
2.160000000000000000e+03,2.185884691054627014e-05,2.395290526330050946e-05
2.165000000000000000e+03,2.176341727463805854e-05,2.421088640348810576e-05
2.170000000000000000e+03,2.188005272396471089e-05,2.399178518135807717e-05
2.175000000000000000e+03,2.164250922909339238e-05,2.372427456571795526e-05
2.180000000000000000e+03,2.188487899751591362e-05,2.390385632440061135e-05
2.185000000000000000e+03,2.158131337145491668e-05,2.366482207473801072e-05
2.190000000000000000e+03,2.178442925476090387e-05,2.319896860421435288e-05
2.195000000000000000e+03,2.139102915262255876e-05,2.316181432895469188e-05
2.200000000000000000e+03,2.159646020102934437e-05,2.374931482122953668e-05
2.205000000000000000e+03,2.149436691704997043e-05,2.351997142773928434e-05
2.210000000000000000e+03,2.170373036125511929e-05,2.364926129865597100e-05
2.215000000000000000e+03,2.128300566453225135e-05,2.329069061948351225e-05
2.220000000000000000e+03,2.142352416051388338e-05,2.408003170091086456e-05
2.225000000000000000e+03,2.126649514191339424e-05,2.357499717478674510e-05
2.230000000000000000e+03,2.165818602350515120e-05,2.337526218596863722e-05
2.235000000000000000e+03,2.154740614376142300e-05,2.577438055398825891e-05
2.240000000000000000e+03,2.169798465241401641e-05,2.324162790086715119e-05
2.245000000000000000e+03,2.161626178176089498e-05,2.370164348225966322e-05
2.250000000000000000e+03,2.172979139379648149e-05,2.387505229453182771e-05
2.255000000000000000e+03,2.179453770603511847e-05,2.332285778468021838e-05
2.260000000000000000e+03,2.163279762651028343e-05,2.314545421067715653e-05
2.265000000000000000e+03,2.166683707117239929e-05,2.307702806057855910e-05
2.270000000000000000e+03,2.134574434823915633e-05,2.362255632919526828e-05
2.275000000000000000e+03,2.167843353577974977e-05,2.465474781482006558e-05
2.280000000000000000e+03,2.167225211493603297e-05,2.325600033332003025e-05
2.285000000000000000e+03,2.142078433578681440e-05,2.353377587279872034e-05
2.290000000000000000e+03,2.106923508069294664e-05,2.263640074146643040e-05
2.295000000000000000e+03,2.149607128347882012e-05,2.325547178875483944e-05
2.300000000000000000e+03,2.140554407290843613e-05,2.383313243979689216e-05
2.305000000000000000e+03,2.133231820979480592e-05,2.343935128548306691e-05
2.310000000000000000e+03,2.123463438280952500e-05,2.314657888817039941e-05
2.315000000000000000e+03,2.119864550381011522e-05,2.315799778831580612e-05
2.320000000000000000e+03,2.131026436235193628e-05,2.293521187551620920e-05
2.325000000000000000e+03,2.122170018526121032e-05,2.246749690548305921e-05
2.330000000000000000e+03,2.108392096240558846e-05,2.358642806863446811e-05
2.335000000000000000e+03,2.113792393701327343e-05,2.305463587918737863e-05
2.340000000000000000e+03,2.067561393856268847e-05,2.401642375407905583e-05
2.345000000000000000e+03,2.097032747051907927e-05,2.313320313039491386e-05
2.350000000000000000e+03,2.091773332030646946e-05,2.257154374646582650e-05
2.355000000000000000e+03,2.084513933448488938e-05,2.360575573901133061e-05
2.360000000000000000e+03,2.111244374083702391e-05,2.352158942642169345e-05
2.365000000000000000e+03,2.120961345696564538e-05,2.283090689688016702e-05
2.370000000000000000e+03,2.094394755137462969e-05,2.254250986443349870e-05
2.375000000000000000e+03,2.088822507779629269e-05,2.373372343982187383e-05
2.380000000000000000e+03,2.127677372509857899e-05,2.432624597347255452e-05
2.385000000000000000e+03,2.135582172725502160e-05,2.252613151838296686e-05
2.390000000000000000e+03,2.101555626176393357e-05,2.285465579774475410e-05
2.395000000000000000e+03,2.079953313204387121e-05,2.237196826920294850e-05
2.400000000000000000e+03,2.070665316491317545e-05,2.207286001308787261e-05
2.405000000000000000e+03,2.066762145868501993e-05,2.237152293991772749e-05
2.410000000000000000e+03,2.071209386365915230e-05,2.290132389542527447e-05
2.415000000000000000e+03,2.073435726407702075e-05,2.232644806394684539e-05
2.420000000000000000e+03,2.046744630028068357e-05,2.259336614580533423e-05
2.425000000000000000e+03,2.078997460788412611e-05,2.236554999096885478e-05
2.430000000000000000e+03,2.056088559236377120e-05,2.237440168892848089e-05
2.435000000000000000e+03,2.072011659493908499e-05,2.272434385080783045e-05
2.440000000000000000e+03,2.082626286166195862e-05,2.189812847540257410e-05
2.445000000000000000e+03,2.042537939067809574e-05,2.212542934787237851e-05
2.450000000000000000e+03,2.024794743701265442e-05,2.331297439962288454e-05
2.455000000000000000e+03,2.029969167751703653e-05,2.294294784101959142e-05
2.460000000000000000e+03,2.033198644270727172e-05,2.289265274186427662e-05
2.465000000000000000e+03,2.059450780097945411e-05,2.225320868945355088e-05
2.470000000000000000e+03,2.052916824643737404e-05,2.221274579124716902e-05
2.475000000000000000e+03,2.049956467800309864e-05,2.236298574423674907e-05
2.480000000000000000e+03,2.063746197469550691e-05,2.233420078217638366e-05
2.485000000000000000e+03,2.055012384422527145e-05,2.277031475274057833e-05
2.490000000000000000e+03,2.055686950110631605e-05,2.263832913659108201e-05
2.495000000000000000e+03,2.057684367156513593e-05,2.240690919501401007e-05
2.500000000000000000e+03,2.050332814900836297e-05,2.235475062042083716e-05
2.505000000000000000e+03,2.040798787571022300e-05,2.238621191017592564e-05
2.510000000000000000e+03,2.022389312517551367e-05,2.297543071981790477e-05
2.515000000000000000e+03,2.041715353186744733e-05,2.184612224938421379e-05
2.520000000000000000e+03,2.021440056938373706e-05,2.248067387517036116e-05
2.525000000000000000e+03,2.038023556240638456e-05,2.264207441227412395e-05
2.530000000000000000e+03,2.056127976120838253e-05,2.178365033746978741e-05
2.535000000000000000e+03,2.040284171770913191e-05,2.227951853308450688e-05
2.540000000000000000e+03,2.011393795970677274e-05,2.275332911802594745e-05
2.545000000000000000e+03,2.005055416862536920e-05,2.251942859466942123e-05
2.550000000000000000e+03,2.041094421858701818e-05,2.211536563623139279e-05
2.555000000000000000e+03,2.006931976742100469e-05,2.188902158522045794e-05
2.560000000000000000e+03,2.035644739067627682e-05,2.193381588531411781e-05
2.565000000000000000e+03,2.044170186250711150e-05,2.273135771446914983e-05
2.570000000000000000e+03,2.050101259201109172e-05,2.143376565603472117e-05
2.575000000000000000e+03,2.030838390813397424e-05,2.251385587591537988e-05
2.580000000000000000e+03,2.038785242296357501e-05,2.264175358894158341e-05
2.585000000000000000e+03,2.018313739628236315e-05,2.267405983141187228e-05
2.590000000000000000e+03,1.999865651885558679e-05,2.202676563125624198e-05
2.595000000000000000e+03,2.019948369912632962e-05,2.149973624052654058e-05
2.600000000000000000e+03,2.011576956760297141e-05,2.154694399806082549e-05
2.605000000000000000e+03,2.011305684966111963e-05,2.186174361659487471e-05
2.610000000000000000e+03,2.048862061040095811e-05,2.219874291775418744e-05
2.615000000000000000e+03,2.002434189250041838e-05,2.192125536833425229e-05
2.620000000000000000e+03,2.037599097200326541e-05,2.193080429864668792e-05
2.625000000000000000e+03,1.999090009358593813e-05,2.197496815970605098e-05
2.630000000000000000e+03,2.036453460632658453e-05,2.168843450295555709e-05
2.635000000000000000e+03,2.002641940447421468e-05,2.188615676571067966e-05
2.640000000000000000e+03,2.025608618825836389e-05,2.216060391801889315e-05
2.645000000000000000e+03,1.981524219660449332e-05,2.170290201329248871e-05
2.650000000000000000e+03,2.029740165036475071e-05,2.160173270646836269e-05
2.655000000000000000e+03,2.025753782862451741e-05,2.230226853457327476e-05
2.660000000000000000e+03,2.022283429462524399e-05,2.191216500455597097e-05
2.665000000000000000e+03,1.989010418922886682e-05,2.168704311286566148e-05
2.670000000000000000e+03,1.988775235866364498e-05,2.225156932118731171e-05
2.675000000000000000e+03,2.013976642561403571e-05,2.273220451199214808e-05
2.680000000000000000e+03,2.003495847225616791e-05,2.147118056730481651e-05
2.685000000000000000e+03,2.036202511107157022e-05,2.153107908495405421e-05
2.690000000000000000e+03,2.007406417034023286e-05,2.267094248083523209e-05
2.695000000000000000e+03,2.016836821939971136e-05,2.169812017760581370e-05
2.700000000000000000e+03,2.032704865529782223e-05,2.209681916012221751e-05
2.705000000000000000e+03,2.032477599243244498e-05,2.211246869150938833e-05
2.710000000000000000e+03,2.033705634433860025e-05,2.265177653132703371e-05
2.715000000000000000e+03,2.024882890582399125e-05,2.204777033535635663e-05
2.720000000000000000e+03,2.026786477911658623e-05,2.198602602923829360e-05
2.725000000000000000e+03,1.989074672101879350e-05,2.168440374144204721e-05
2.730000000000000000e+03,1.999191403662293223e-05,2.215879620538688656e-05
2.735000000000000000e+03,2.025312987065114667e-05,2.165385179964364473e-05
2.740000000000000000e+03,2.003033735320587958e-05,2.246432453655447398e-05
2.745000000000000000e+03,1.991509099860428673e-05,2.291155622631718374e-05
2.750000000000000000e+03,2.004939230391228707e-05,2.199177508419601689e-05
2.755000000000000000e+03,1.982044075976396289e-05,2.204351761705661039e-05
2.760000000000000000e+03,2.031779883512494647e-05,2.164852667726241718e-05
2.765000000000000000e+03,2.001609162635421181e-05,2.243509246615241863e-05
2.770000000000000000e+03,2.009093758002077152e-05,2.219432425303182900e-05
2.775000000000000000e+03,1.987888279943680168e-05,2.192315728457721151e-05
2.780000000000000000e+03,2.017062443273244480e-05,2.271641887282683942e-05
2.785000000000000000e+03,1.999451307773250018e-05,2.197175343937090772e-05
2.790000000000000000e+03,1.975073860744839852e-05,2.172253938086313090e-05
2.795000000000000000e+03,2.001087191572617998e-05,2.259127618758626383e-05
2.800000000000000000e+03,1.980452770568524276e-05,2.192817969934008512e-05
2.805000000000000000e+03,1.995410307219166006e-05,2.158683832562653475e-05
2.810000000000000000e+03,2.006720361750588514e-05,2.221040071031757745e-05
2.815000000000000000e+03,2.011733697380935760e-05,2.209515573935723644e-05
2.820000000000000000e+03,1.982807041309531416e-05,2.163408129638198308e-05
2.825000000000000000e+03,2.011437147601219678e-05,2.181122091232969414e-05
2.830000000000000000e+03,2.018609704631554966e-05,2.224136393833439721e-05
2.835000000000000000e+03,1.993511410863876859e-05,2.213017555904076458e-05
2.840000000000000000e+03,1.984483805878894927e-05,2.166517196152849259e-05
2.845000000000000000e+03,2.000018495395621836e-05,2.199180044571998722e-05
2.850000000000000000e+03,2.003799667637299229e-05,2.167058452107438617e-05
2.855000000000000000e+03,2.001246576801455092e-05,2.189644811625403255e-05
2.860000000000000000e+03,1.993331574714913695e-05,2.160596232818073569e-05
2.865000000000000000e+03,2.007233922090201263e-05,2.145272158494060041e-05
2.870000000000000000e+03,2.008071844948702719e-05,2.181956368646732422e-05
2.875000000000000000e+03,2.001089287250172016e-05,2.196331644904114813e-05
2.880000000000000000e+03,2.000606057016783332e-05,2.147507491418464796e-05
2.885000000000000000e+03,2.010139810011894696e-05,2.189818540131612172e-05
2.890000000000000000e+03,1.999910451283545140e-05,2.218624386856437103e-05
2.895000000000000000e+03,1.961830975174553486e-05,2.227434665989184298e-05
2.900000000000000000e+03,1.991504726960225584e-05,2.161227910224736872e-05
2.905000000000000000e+03,1.978525659464360867e-05,2.183625150961770705e-05
2.910000000000000000e+03,1.988897278967856650e-05,2.195981245533370322e-05
2.915000000000000000e+03,1.984225734522891184e-05,2.146023277668591823e-05
2.920000000000000000e+03,2.001099278898211016e-05,2.167390682407411485e-05
2.925000000000000000e+03,1.977091173718266477e-05,2.160722653648202199e-05
2.930000000000000000e+03,1.976941541060250277e-05,2.162512324273185350e-05
2.935000000000000000e+03,1.988770035873800880e-05,2.143083327705864452e-05
2.940000000000000000e+03,1.985182035226764331e-05,2.141920355423968642e-05
2.945000000000000000e+03,1.964656960019792525e-05,2.116614751362911633e-05
2.950000000000000000e+03,1.966594468319885668e-05,2.182432159674889527e-05
2.955000000000000000e+03,1.990525259730087766e-05,2.115645781319455581e-05
2.960000000000000000e+03,1.983154538922092736e-05,2.209275471527734209e-05
2.965000000000000000e+03,1.975051883040182730e-05,2.168573676150477108e-05
2.970000000000000000e+03,1.954861489312626386e-05,2.141994406144529978e-05
2.975000000000000000e+03,1.977533052518237454e-05,2.152770470271158227e-05
2.980000000000000000e+03,2.006478712490495479e-05,2.126159758289578708e-05
2.985000000000000000e+03,1.992329344958856821e-05,2.192931171880755167e-05
2.990000000000000000e+03,1.985703954295642669e-05,2.114669667364767232e-05
2.995000000000000000e+03,1.968852912779279482e-05,2.195361025036944770e-05
3.000000000000000000e+03,1.974087134947891275e-05,2.178274046341636388e-05
3.005000000000000000e+03,1.972667766707143192e-05,2.232110522003111864e-05
3.010000000000000000e+03,1.972300551723926763e-05,2.165384014211871360e-05
3.015000000000000000e+03,1.974457854792937813e-05,2.091003144763822996e-05
3.020000000000000000e+03,1.981196815824362543e-05,2.138180759315815366e-05
3.025000000000000000e+03,1.971002738346878285e-05,2.166628624696867266e-05
3.030000000000000000e+03,1.959114063577744374e-05,2.187356010157663895e-05
3.035000000000000000e+03,1.969945980585672873e-05,2.151329489488653754e-05
3.040000000000000000e+03,1.964180130599863289e-05,2.093530312975719825e-05
3.045000000000000000e+03,1.998787081081096912e-05,2.113184977546538922e-05
3.050000000000000000e+03,1.970826775397064223e-05,2.213814640251520296e-05
3.055000000000000000e+03,1.978991544127364123e-05,2.148248224134957727e-05
3.060000000000000000e+03,1.986089728509742242e-05,2.149064595842740242e-05
3.065000000000000000e+03,1.986909257972074069e-05,2.094168925602322623e-05
3.070000000000000000e+03,1.972972583072463929e-05,2.200698191578235531e-05
3.075000000000000000e+03,1.966992872833216857e-05,2.185755531536636754e-05
3.080000000000000000e+03,1.949150018208315035e-05,2.089135544429473543e-05
3.085000000000000000e+03,1.964118799885123843e-05,2.142310898118302708e-05
3.090000000000000000e+03,1.957149962616406929e-05,2.150775990941592651e-05
3.095000000000000000e+03,1.961111748876613459e-05,2.180397993242476034e-05
3.100000000000000000e+03,1.972684009962312449e-05,2.191294254774150889e-05
3.105000000000000000e+03,1.974518219199816369e-05,2.129877540067223057e-05
3.110000000000000000e+03,1.976659606758560640e-05,2.176262586375809970e-05
3.115000000000000000e+03,1.973730556314839664e-05,2.156681794266169451e-05
3.120000000000000000e+03,1.964489212383560061e-05,2.150047338022842934e-05
3.125000000000000000e+03,1.949119130073911845e-05,2.110110827976551147e-05
3.130000000000000000e+03,1.952088787788742934e-05,2.130608871882057161e-05
3.135000000000000000e+03,1.961492324729192669e-05,2.113020954341689197e-05
3.140000000000000000e+03,1.957594883252402303e-05,2.203439286162110273e-05
3.145000000000000000e+03,1.929930882979925073e-05,2.104595319920484552e-05
3.150000000000000000e+03,1.973366601460069058e-05,2.194669585787939128e-05
3.155000000000000000e+03,1.959822072475229574e-05,2.077345039740472143e-05
3.160000000000000000e+03,1.970893827075890045e-05,2.165440988292505547e-05
3.165000000000000000e+03,1.967142027139914541e-05,2.124370443835595098e-05
3.170000000000000000e+03,1.945732328943938831e-05,2.110817695604663301e-05
3.175000000000000000e+03,1.941427793649935408e-05,2.159638532314428342e-05
3.180000000000000000e+03,1.965687605300589456e-05,2.105798586783777350e-05
3.185000000000000000e+03,1.965473765354987785e-05,2.114530746373327757e-05
3.190000000000000000e+03,1.959965725332200845e-05,2.149416560362259275e-05
3.195000000000000000e+03,1.940972446233139981e-05,2.102230874033962234e-05
3.200000000000000000e+03,1.928043072047067814e-05,2.172594094722616478e-05
3.205000000000000000e+03,1.934661003578274702e-05,2.127940421347456531e-05
3.210000000000000000e+03,1.947171018702283777e-05,2.115020620329122360e-05
3.215000000000000000e+03,1.968350945199812940e-05,2.160646420954348833e-05
3.220000000000000000e+03,1.959428540930145359e-05,2.166182173002213944e-05
3.225000000000000000e+03,1.943393730502184126e-05,2.077085046645591563e-05
3.230000000000000000e+03,1.957904458535701626e-05,2.199798281390405132e-05
3.235000000000000000e+03,1.952359241814102163e-05,2.126898667489764543e-05
3.240000000000000000e+03,1.920592459598939437e-05,2.080000486014201372e-05
3.245000000000000000e+03,1.925776974547066691e-05,2.113230470464044268e-05
3.250000000000000000e+03,1.942447612329686811e-05,2.118887291385924208e-05
3.255000000000000000e+03,1.946336211243571932e-05,2.171623952717038284e-05
3.260000000000000000e+03,1.957874764894177136e-05,2.152624096539164611e-05
3.265000000000000000e+03,1.953630423825264363e-05,2.164688305837433050e-05
3.270000000000000000e+03,1.932030044238519504e-05,2.124662995432642789e-05
3.275000000000000000e+03,1.930210792876480827e-05,2.124634519800543714e-05
3.280000000000000000e+03,1.914192073331429686e-05,2.079227630420392274e-05
3.285000000000000000e+03,1.923341218486997282e-05,2.099680171495164527e-05
3.290000000000000000e+03,1.949003480913247269e-05,2.048489747371675144e-05
3.295000000000000000e+03,1.965051398190761269e-05,2.088531862376581696e-05
3.300000000000000000e+03,1.934775240464781186e-05,2.106943977344766326e-05
3.305000000000000000e+03,1.931975563133625574e-05,2.045771984277171859e-05
3.310000000000000000e+03,1.937057309889756113e-05,2.080388075375710764e-05
3.315000000000000000e+03,1.932775522526415521e-05,2.122338182033196033e-05
3.320000000000000000e+03,1.953203986239930267e-05,2.125610887062151706e-05
3.325000000000000000e+03,1.964541728160079231e-05,2.079764343593002931e-05
